Field1,Field2,Field3
Car,DEF_Autos,2013
Van,LMN_Vehicles,2015
Car,PQR_Motors,2021
Van,STU_Motors,2018
Car,DEF_Autos,2021
Car,JKL_Motors,2015
Car,MNO_Vehicles,2012
Car,UVW_Autos,2023
Car,MNO_Vehicles,2010
Car,JKL_Motors,2023
Van,UVW_Autos,2017
Car,HIJ_Vehicles,2020
Car,XYZ_Autos,2016
Car,MNO_Vehicles,2013
Car,LMN_Vehicles,2010
Car,JKL_Motors,2017
Van,XYZ_Autos,2010
Van,XYZ_Autos,2010
Van,UVW_Autos,2018
Van,STU_Motors,2020
Car,MNO_Vehicles,2017
Car,ABC_Motors,2018
Car,ABC_Motors,2011
Car,ABC_Motors,2016
Van,DEF_Autos,2017
Van,JKL_Motors,2022
Car,DEF_Autos,2010
Car,ABC_Motors,2022
Van,JKL_Motors,2014
Car,JKL_Motors,2012
Car,UVW_Autos,2011
Car,ABC_Motors,2011
Van,UVW_Autos,2010
Car,XYZ_Autos,2013
Van,DEF_Autos,2023
Van,DEF_Autos,2015
Car,JKL_Motors,2020
Van,STU_Motors,2013
Car,HIJ_Vehicles,2023
Van,MNO_Vehicles,2020
Car,STU_Motors,2021
Car,MNO_Vehicles,2016
Car,JKL_Motors,2019
Car,ABC_Motors,2014
Van,JKL_Motors,2015
Van,MNO_Vehicles,2020
Van,STU_Motors,2019
Car,XYZ_Autos,2014
Car,ABC_Motors,2013
Van,HIJ_Vehicles,2017
Van,LMN_Vehicles,2020
Van,STU_Motors,2017
Car,LMN_Vehicles,2021
Van,PQR_Motors,2020
Van,JKL_Motors,2014
Car,XYZ_Autos,2020
Van,MNO_Vehicles,2019
Car,LMN_Vehicles,2022
Van,PQR_Motors,2023
Car,HIJ_Vehicles,2019
Van,STU_Motors,2021
Car,DEF_Autos,2011
Car,JKL_Motors,2016
Van,HIJ_Vehicles,2016
Car,STU_Motors,2014
Van,UVW_Autos,2021
Van,UVW_Autos,2021
Van,JKL_Motors,2022
Car,UVW_Autos,2015
Van,STU_Motors,2016
Car,LMN_Vehicles,2018
Van,HIJ_Vehicles,2013
Van,ABC_Motors,2014
Car,MNO_Vehicles,2012
Car,HIJ_Vehicles,2017
Car,ABC_Motors,2011
Car,STU_Motors,2010
Van,JKL_Motors,2010
Van,UVW_Autos,2021
Van,HIJ_Vehicles,2015
Van,ABC_Motors,2014
Van,ABC_Motors,2019
Car,LMN_Vehicles,2010
Van,HIJ_Vehicles,2023
Car,XYZ_Autos,2014
Van,HIJ_Vehicles,2012
Van,MNO_Vehicles,2022
Car,JKL_Motors,2016
Car,LMN_Vehicles,2016
Van,PQR_Motors,2013
Car,DEF_Autos,2017
Car,XYZ_Autos,2023
Car,MNO_Vehicles,2017
Van,UVW_Autos,2019
Van,HIJ_Vehicles,2020
Car,STU_Motors,2016
Van,LMN_Vehicles,2016
Car,UVW_Autos,2013
Car,DEF_Autos,2015
Van,XYZ_Autos,2017
